Workbook

Sheet Read Me
A1: Information Security Risk Register: Saarland University
A2: PORTFOLIO EXERCISE. Not an official document of Saarland University.
A4: Purpose
A5: Sample risk register for an ISMS based on ISO/IEC 27001:2022, built around Saarland University (Universität des Saarlandes) as the example organisation.
A6: Public facts used: campuses in Saarbrücken and Homburg, the Faculty of Medicine in Homburg, and the University IT Centre (HIZ), shared with htw saar. A network uplink via the German research network (DFN) is assumed, not confirmed. Links are on the Sources sheet.
A7: Everything else (risks, scores, owners, existing controls, due dates, statuses) is invented for illustration and does not describe the university's real security posture.
A9: Sheets
A10: Risk Register: one row per risk with inherent and residual scoring, owner role, ISO 27001:2022 Annex A controls, treatment and remediation tracking.
A11: Summary: KPIs and a 5x5 heatmap, calculated from the register with formulas.
A12: Scoring Method: definitions for likelihood and impact (1 to 5), rating bands and risk appetite.
A13: Lists: values used by the drop-down menus.
A14: Sources: public pages and standards behind the facts, scales and control references.
... A22: Version 0.1, prepared 08 October 2026.

Sheet Risk Register
A1: Information Security Risk Register: Saarland University
A2: Portfolio exercise based on ISO/IEC 27001:2022. Public facts only; all internal details are invented. Not an official university document.
A4: Risk ID | B4: Risk title | C4: Description (threat and vulnerability) | D4: Affected asset / process | E4: Category | F4: Risk owner (role) | G4: Likelihood (1-5) | H4: Impact (1-5) | I4: Inherent score | J4: Inherent rating | K4: Existing controls | L4: ISO 27001:2022 Annex A controls | M4: Treatment | N4: Planned remediation | O4: Status | P4: Due date | Q4: Days overdue | R4: Overdue | S4: Residual likelihood | T4: Residual impact | U4: Residual score | V4: Residual rating | W4: Last reviewed
A5: R01 | B5: Ransomware on central IT infrastructure | C5: Criminal group encrypts file servers, directory service and virtualisation hosts after initial access via phishing or an unpatched edge device. Comparable attacks hit several German universities between 2019 and 2023. | D5: Central servers, directory service, backups | E5: Cyber attack | F5: Head of University IT Centre (HIZ) | G5: 4 | H5: 5 | I5: =G5*H5 -> 20 | J5: =IF(I5="","",IF(I5>='Scoring Method'!$B$16,"Critical",IF(I5>='Scoring Method'!$B$15,"High",IF(I5>='Scoring Method'!$B$14,"Medium","Low")))) -> Critical | K5: Endpoint antivirus; nightly backups; firewall at network edge | L5: A.8.7 Protection against malware; A.8.13 Information backup; A.5.29 Information security during disruption | M5: Mitigate | N5: Introduce offline/immutable backup copy, tested quarterly restore, EDR on servers | O5: In progress | P5: 46387 | Q5: =IF(OR(O5="Closed",O5="Accepted",P5=""),0,MAX(0,TODAY()-P5)) -> 0 | R5: =IF(Q5>0,"Yes","No") -> No | S5: 2 | T5: 4 | U5: =S5*T5 -> 8 | V5: =IF(U5="","",IF(U5>='Scoring Method'!$B$16,"Critical",IF(U5>='Scoring Method'!$B$15,"High",IF(U5>='Scoring Method'!$B$14,"Medium","Low")))) -> Medium | W5: 46295
A6: R02 | B6: Phishing and theft of staff or student credentials | C6: Credential phishing against university email accounts leads to mailbox takeover, internal spam waves and access to connected services via single sign-on. | D6: Email, single sign-on accounts | E6: Cyber attack | F6: Chief Information Security Officer (CISO) | G6: 5 | H6: 3 | I6: =G6*H6 -> 15 | J6: =IF(I6="","",IF(I6>='Scoring Method'!$B$16,"Critical",IF(I6>='Scoring Method'!$B$15,"High",IF(I6>='Scoring Method'!$B$14,"Medium","Low")))) -> Critical | K6: Spam filter; occasional awareness emails | L6: A.6.3 Information security awareness, education and training; A.8.5 Secure authentication; A.5.17 Authentication information | M6: Mitigate | N6: Roll out MFA for all staff accounts; yearly phishing simulation and e-learning | O6: In progress | P6: 46295 | Q6: =IF(OR(O6="Closed",O6="Accepted",P6=""),0,MAX(0,TODAY()-P6)) -> 8 | R6: =IF(Q6>0,"Yes","No") -> Yes | S6: 3 | T6: 2 | U6: =S6*T6 -> 6 | V6: =IF(U6="","",IF(U6>='Scoring Method'!$B$16,"Critical",IF(U6>='Scoring Method'!$B$15,"High",IF(U6>='Scoring Method'!$B$14,"Medium","Low")))) -> Medium | W6: 46295
A7: R03 | B7: Leak of sensitive research data | C7: Personal or health data from research projects (for example clinical studies at the Homburg campus) is exposed through insecure storage, email or unauthorised sharing. | D7: Research data stores, project drives | E7: Data protection | F7: Vice President for Research | G7: 3 | H7: 5 | I7: =G7*H7 -> 15 | J7: =IF(I7="","",IF(I7>='Scoring Method'!$B$16,"Critical",IF(I7>='Scoring Method'!$B$15,"High",IF(I7>='Scoring Method'!$B$14,"Medium","Low")))) -> Critical | K7: Data protection training for researchers; ethics committee review | L7: A.5.12 Classification of information; A.5.34 Privacy and protection of PII; A.8.11 Data masking | M7: Mitigate | N7: Classification scheme for research data; encrypted research storage offering; pseudonymisation guideline | O7: Planned | P7: 46477 | Q7: =IF(OR(O7="Closed",O7="Accepted",P7=""),0,MAX(0,TODAY()-P7)) -> 0 | R7: =IF(Q7>0,"Yes","No") -> No | S7: 2 | T7: 4 | U7: =S7*T7 -> 8 | V7: =IF(U7="","",IF(U7>='Scoring Method'!$B$16,"Critical",IF(U7>='Scoring Method'!$B$15,"High",IF(U7>='Scoring Method'!$B$14,"Medium","Low")))) -> Medium | W7: 46295
A8: R04 | B8: Loss or theft of laptops and mobile devices | C8: Staff laptops and phones holding exam papers, HR records or research data are lost while travelling or commuting; many devices are not centrally managed or encrypted. | D8: Endpoints | E8: Physical / human | F8: Chief Information Security Officer (CISO) | G8: 4 | H8: 3 | I8: =G8*H8 -> 12 | J8: =IF(I8="","",IF(I8>='Scoring Method'!$B$16,"Critical",IF(I8>='Scoring Method'!$B$15,"High",IF(I8>='Scoring Method'!$B$14,"Medium","Low")))) -> High | K8: Encryption recommended in IT guideline, not enforced | L8: A.8.1 User endpoint devices; A.7.9 Security of assets off-premises; A.8.24 Use of cryptography | M8: Mitigate | N8: Mandatory full-disk encryption and device management for university-owned laptops | O8: In progress | P8: 46265 | Q8: =IF(OR(O8="Closed",O8="Accepted",P8=""),0,MAX(0,TODAY()-P8)) -> 38 | R8: =IF(Q8>0,"Yes","No") -> Yes | S8: 2 | T8: 2 | U8: =S8*T8 -> 4 | V8: =IF(U8="","",IF(U8>='Scoring Method'!$B$16,"Critical",IF(U8>='Scoring Method'!$B$15,"High",IF(U8>='Scoring Method'!$B$14,"Medium","Low")))) -> Low | W8: 46295
A9: R05 | B9: Outage of a critical IT or network supplier | C9: Loss of the external network uplink (assumed to run via the German research network DFN, as is typical for German universities) or of a cloud collaboration service stops email, teaching platforms and remote access. | D9: Internet uplink, cloud services | E9: Third party | F9: Head of University IT Centre (HIZ) | G9: 2 | H9: 4 | I9: =G9*H9 -> 8 | J9: =IF(I9="","",IF(I9>='Scoring Method'!$B$16,"Critical",IF(I9>='Scoring Method'!$B$15,"High",IF(I9>='Scoring Method'!$B$14,"Medium","Low")))) -> Medium | K9: Contracts with standard SLAs; single uplink path | L9: A.5.19 Information security in supplier relationships; A.5.21 Managing security in the ICT supply chain; A.5.30 ICT readiness for business continuity | M9: Mitigate | N9: Supplier risk review for top 10 IT suppliers; document fallback for loss of uplink | O9: Open | P9: 46418 | Q9: =IF(OR(O9="Closed",O9="Accepted",P9=""),0,MAX(0,TODAY()-P9)) -> 0 | R9: =IF(Q9>0,"Yes","No") -> No | S9: 2 | T9: 3 | U9: =S9*T9 -> 6 | V9: =IF(U9="","",IF(U9>='Scoring Method'!$B$16,"Critical",IF(U9>='Scoring Method'!$B$15,"High",IF(U9>='Scoring Method'!$B$14,"Medium","Low")))) -> Medium | W9: 46295
A10: R06 | B10: Unpatched servers run by institutes (shadow IT) | C10: Chairs and institutes operate their own servers and web applications outside central IT; no inventory exists and patches are applied irregularly. | D10: Decentral servers and web apps | E10: Vulnerability | F10: Chief Information Security Officer (CISO) | G10: 4 | H10: 4 | I10: =G10*H10 -> 16 | J10: =IF(I10="","",IF(I10>='Scoring Method'!$B$16,"Critical",IF(I10>='Scoring Method'!$B$15,"High",IF(I10>='Scoring Method'!$B$14,"Medium","Low")))) -> Critical | K10: Annual vulnerability scan of public IP ranges | L10: A.5.9 Inventory of information and other associated assets; A.8.8 Management of technical vulnerabilities | M10: Mitigate | N10: Asset inventory for all servers on the campus network; monthly external scanning with follow-up | O10: Open | P10: 46234 | Q10: =IF(OR(O10="Closed",O10="Accepted",P10=""),0,MAX(0,TODAY()-P10)) -> 69 | R10: =IF(Q10>0,"Yes","No") -> Yes | S10: 2 | T10: 3 | U10: =S10*T10 -> 6 | V10: =IF(U10="","",IF(U10>='Scoring Method'!$B$16,"Critical",IF(U10>='Scoring Method'!$B$15,"High",IF(U10>='Scoring Method'!$B$14,"Medium","Low")))) -> Medium | W10: 46295
A11: R07 | B11: Campus management system failure during enrolment or exam registration | C11: The student and exam administration system becomes unavailable in a peak period, so students cannot enrol or register for exams before deadlines. | D11: Campus management system | E11: Availability | F11: Head of Student Services | G11: 2 | H11: 4 | I11: =G11*H11 -> 8 | J11: =IF(I11="","",IF(I11>='Scoring Method'!$B$16,"Critical",IF(I11>='Scoring Method'!$B$15,"High",IF(I11>='Scoring Method'!$B$14,"Medium","Low")))) -> Medium | K11: Vendor support contract; daily database backup | L11: A.8.14 Redundancy of information processing facilities; A.5.30 ICT readiness for business continuity; A.8.6 Capacity management | M11: Mitigate | N11: Load test before semester start; documented manual fallback and deadline extension procedure | O11: Planned | P11: 46446 | Q11: =IF(OR(O11="Closed",O11="Accepted",P11=""),0,MAX(0,TODAY()-P11)) -> 0 | R11: =IF(Q11>0,"Yes","No") -> No | S11: 1 | T11: 3 | U11: =S11*T11 -> 3 | V11: =IF(U11="","",IF(U11>='Scoring Method'!$B$16,"Critical",IF(U11>='Scoring Method'!$B$15,"High",IF(U11>='Scoring Method'!$B$14,"Medium","Low")))) -> Low | W11: 46295
A12: R08 | B12: Misuse of privileged administrator accounts | C12: An administrator, or an attacker who has taken over an admin account, abuses broad standing privileges to read data or disable controls without being noticed. | D12: Admin accounts, directory service | E12: Insider / access | F12: Head of University IT Centre (HIZ) | G12: 2 | H12: 5 | I12: =G12*H12 -> 10 | J12: =IF(I12="","",IF(I12>='Scoring Method'!$B$16,"Critical",IF(I12>='Scoring Method'!$B$15,"High",IF(I12>='Scoring Method'!$B$14,"Medium","Low")))) -> High | K12: Separate admin accounts for some systems | L12: A.8.2 Privileged access rights; A.8.15 Logging; A.5.18 Access rights | M12: Mitigate | N12: Privileged access review twice a year; central logging of admin actions | O12: Open | P12: 46477 | Q12: =IF(OR(O12="Closed",O12="Accepted",P12=""),0,MAX(0,TODAY()-P12)) -> 0 | R12: =IF(Q12>0,"Yes","No") -> No | S12: 1 | T12: 4 | U12: =S12*T12 -> 4 | V12: =IF(U12="","",IF(U12>='Scoring Method'!$B$16,"Critical",IF(U12>='Scoring Method'!$B$15,"High",IF(U12>='Scoring Method'!$B$14,"Medium","Low")))) -> Low | W12: 46295
A13: R09 | B13: Accounts not removed after people leave | C13: Accounts of former staff, guest researchers and exmatriculated students stay active because HR and student systems are not linked to identity management. | D13: Identity management | E13: Insider / access | F13: Director of Human Resources | G13: 4 | H13: 3 | I13: =G13*H13 -> 12 | J13: =IF(I13="","",IF(I13>='Scoring Method'!$B$16,"Critical",IF(I13>='Scoring Method'!$B$15,"High",IF(I13>='Scoring Method'!$B$14,"Medium","Low")))) -> High | K13: Manual deactivation on request | L13: A.5.16 Identity management; A.5.18 Access rights | M13: Mitigate | N13: Automated joiner-mover-leaver process fed by HR and student records | O13: In progress | P13: 46356 | Q13: =IF(OR(O13="Closed",O13="Accepted",P13=""),0,MAX(0,TODAY()-P13)) -> 0 | R13: =IF(Q13>0,"Yes","No") -> No | S13: 2 | T13: 2 | U13: =S13*T13 -> 4 | V13: =IF(U13="","",IF(U13>='Scoring Method'!$B$16,"Critical",IF(U13>='Scoring Method'!$B$15,"High",IF(U13>='Scoring Method'!$B$14,"Medium","Low")))) -> Low | W13: 46295
A14: R10 | B14: Personal data exposed through misconfigured file sharing | C14: Cloud folders or file shares with student or applicant data are shared via public links or with too broad groups. | D14: Cloud storage, file shares | E14: Data protection | F14: Data Protection Officer | G14: 3 | H14: 4 | I14: =G14*H14 -> 12 | J14: =IF(I14="","",IF(I14>='Scoring Method'!$B$16,"Critical",IF(I14>='Scoring Method'!$B$15,"High",IF(I14>='Scoring Method'!$B$14,"Medium","Low")))) -> High | K14: Data protection guideline; sharing links unrestricted by default | L14: A.5.14 Information transfer; A.5.15 Access control; A.5.34 Privacy and protection of PII | M14: Mitigate | N14: Default expiry on sharing links; quarterly report of public shares to owners | O14: Planned | P14: 46418 | Q14: =IF(OR(O14="Closed",O14="Accepted",P14=""),0,MAX(0,TODAY()-P14)) -> 0 | R14: =IF(Q14>0,"Yes","No") -> No | S14: 2 | T14: 3 | U14: =S14*T14 -> 6 | V14: =IF(U14="","",IF(U14>='Scoring Method'!$B$16,"Critical",IF(U14>='Scoring Method'!$B$15,"High",IF(U14>='Scoring Method'!$B$14,"Medium","Low")))) -> Medium | W14: 46295
A15: R11 | B15: Espionage targeting research and knowledge transfer | C15: State-sponsored actors target research groups in computer science and engineering to steal unpublished results or export-controlled know-how. | D15: Research IP, lab networks | E15: Cyber attack | F15: Vice President for Research | G15: 3 | H15: 4 | I15: =G15*H15 -> 12 | J15: =IF(I15="","",IF(I15>='Scoring Method'!$B$16,"Critical",IF(I15>='Scoring Method'!$B$15,"High",IF(I15>='Scoring Method'!$B$14,"Medium","Low")))) -> High | K15: Export control officer; general firewall rules | L15: A.5.7 Threat intelligence; A.5.12 Classification of information; A.8.16 Monitoring activities | M15: Mitigate | N15: Security briefing for high-risk research groups; segmented network for sensitive projects | O15: Open | P15: 46568 | Q15: =IF(OR(O15="Closed",O15="Accepted",P15=""),0,MAX(0,TODAY()-P15)) -> 0 | R15: =IF(Q15>0,"Yes","No") -> No | S15: 2 | T15: 3 | U15: =S15*T15 -> 6 | V15: =IF(U15="","",IF(U15>='Scoring Method'!$B$16,"Critical",IF(U15>='Scoring Method'!$B$15,"High",IF(U15>='Scoring Method'!$B$14,"Medium","Low")))) -> Medium | W15: 46295
A16: R12 | B16: Fire, water or power failure in the data centre | C16: A physical event in the central server room destroys or shuts down core systems; backups are kept in the same building. | D16: Data centre | E16: Physical / environmental | F16: Head of Facilities Management | G16: 2 | H16: 5 | I16: =G16*H16 -> 10 | J16: =IF(I16="","",IF(I16>='Scoring Method'!$B$16,"Critical",IF(I16>='Scoring Method'!$B$15,"High",IF(I16>='Scoring Method'!$B$14,"Medium","Low")))) -> High | K16: Fire detection; UPS for short outages | L16: A.7.5 Protecting against physical and environmental threats; A.7.11 Supporting utilities; A.8.13 Information backup | M16: Mitigate | N16: Move backup copy to a second site on campus; test UPS and generator yearly | O16: In progress | P16: 46326 | Q16: =IF(OR(O16="Closed",O16="Accepted",P16=""),0,MAX(0,TODAY()-P16)) -> 0 | R16: =IF(Q16>0,"Yes","No") -> No | S16: 1 | T16: 4 | U16: =S16*T16 -> 4 | V16: =IF(U16="","",IF(U16>='Scoring Method'!$B$16,"Critical",IF(U16>='Scoring Method'!$B$15,"High",IF(U16>='Scoring Method'!$B$14,"Medium","Low")))) -> Low | W16: 46295
... A22: R18 | B22: Confidential data entered into public AI tools | C22: Staff and students paste exam questions, personal data or unpublished research into public generative AI services without a contract or data protection review. | D22: Generative AI use | E22: Data protection | F22: Data Protection Officer | G22: 4 | H22: 3 | I22: =G22*H22 -> 12 | J22: =IF(I22="","",IF(I22>='Scoring Method'!$B$16,"Critical",IF(I22>='Scoring Method'!$B$15,"High",IF(I22>='Scoring Method'!$B$14,"Medium","Low")))) -> High | K22: No specific rule | L22: A.5.10 Acceptable use of information and other associated assets; A.5.14 Information transfer | M22: Mitigate | N22: AI usage guideline; offer a contracted AI service with data protection agreement | O22: In progress | P22: 46387 | Q22: =IF(OR(O22="Closed",O22="Accepted",P22=""),0,MAX(0,TODAY()-P22)) -> 0 | R22: =IF(Q22>0,"Yes","No") -> No | S22: 2 | T22: 2 | U22: =S22*T22 -> 4 | V22: =IF(U22="","",IF(U22>='Scoring Method'!$B$16,"Critical",IF(U22>='Scoring Method'!$B$15,"High",IF(U22>='Scoring Method'!$B$14,"Medium","Low")))) -> Low | W22: 46295

Sheet Summary
A1: Risk Summary
A2: Calculated from the Risk Register (rows 5 to 100). Portfolio exercise.
A4: KPI | B4: Value | D4: Status | E4: Count | G4: Rating | H4: Inherent | I4: Residual
A5: Total risks | B5: =COUNTA('Risk Register'!$A$5:$A$100) -> 18 | D5: Open | E5: =COUNTIF('Risk Register'!$O$5:$O$100,D5) -> 5 | G5: Critical | H5: =COUNTIF('Risk Register'!$J$5:$J$100,G5) -> 5 | I5: =COUNTIF('Risk Register'!$V$5:$V$100,G5) -> 0
A6: Open risks (not Closed or Accepted) | B6: =COUNTA('Risk Register'!$A$5:$A$100)-COUNTIF('Risk Register'!$O$5:$O$100,"Closed")-COUNTIF('Risk Register'!$O$5:$O$100,"Accepted") -> 17 | D6: Planned | E6: =COUNTIF('Risk Register'!$O$5:$O$100,D6) -> 5 | G6: High | H6: =COUNTIF('Risk Register'!$J$5:$J$100,G6) -> 8 | I6: =COUNTIF('Risk Register'!$V$5:$V$100,G6) -> 0
A7: Overdue remediations | B7: =COUNTIF('Risk Register'!$R$5:$R$100,"Yes") -> 4 | D7: In progress | E7: =COUNTIF('Risk Register'!$O$5:$O$100,D7) -> 7 | G7: Medium | H7: =COUNTIF('Risk Register'!$J$5:$J$100,G7) -> 5 | I7: =COUNTIF('Risk Register'!$V$5:$V$100,G7) -> 10
A8: Critical or High (inherent) | B8: =COUNTIF('Risk Register'!$J$5:$J$100,"Critical")+COUNTIF('Risk Register'!$J$5:$J$100,"High") -> 13 | D8: Closed | E8: =COUNTIF('Risk Register'!$O$5:$O$100,D8) -> 0 | G8: Low | H8: =COUNTIF('Risk Register'!$J$5:$J$100,G8) -> 0 | I8: =COUNTIF('Risk Register'!$V$5:$V$100,G8) -> 8
A9: Critical or High (residual target) | B9: =COUNTIF('Risk Register'!$V$5:$V$100,"Critical")+COUNTIF('Risk Register'!$V$5:$V$100,"High") -> 0 | D9: Accepted | E9: =COUNTIF('Risk Register'!$O$5:$O$100,D9) -> 1
A10: Average inherent score | B10: =IFERROR(AVERAGE('Risk Register'!$I$5:$I$100),0) -> 12.055556
A11: Average residual score | B11: =IFERROR(AVERAGE('Risk Register'!$U$5:$U$100),0) -> 5.4444444
A14: Inherent risk heatmap (number of risks per cell)
A15: Likelihood ↓ / Impact → | B15: 1 | C15: 2 | D15: 3 | E15: 4 | F15: 5
A16: 5 | B16: =COUNTIFS('Risk Register'!$G$5:$G$100,$A16,'Risk Register'!$H$5:$H$100,B$15) -> 0 | C16: =COUNTIFS('Risk Register'!$G$5:$G$100,$A16,'Risk Register'!$H$5:$H$100,C$15) -> 0 | D16: =COUNTIFS('Risk Register'!$G$5:$G$100,$A16,'Risk Register'!$H$5:$H$100,D$15) -> 1 | E16: =COUNTIFS('Risk Register'!$G$5:$G$100,$A16,'Risk Register'!$H$5:$H$100,E$15) -> 0 | F16: =COUNTIFS('Risk Register'!$G$5:$G$100,$A16,'Risk Register'!$H$5:$H$100,F$15) -> 0
A17: 4 | B17: =COUNTIFS('Risk Register'!$G$5:$G$100,$A17,'Risk Register'!$H$5:$H$100,B$15) -> 0 | C17: =COUNTIFS('Risk Register'!$G$5:$G$100,$A17,'Risk Register'!$H$5:$H$100,C$15) -> 0 | D17: =COUNTIFS('Risk Register'!$G$5:$G$100,$A17,'Risk Register'!$H$5:$H$100,D$15) -> 3 | E17: =COUNTIFS('Risk Register'!$G$5:$G$100,$A17,'Risk Register'!$H$5:$H$100,E$15) -> 2 | F17: =COUNTIFS('Risk Register'!$G$5:$G$100,$A17,'Risk Register'!$H$5:$H$100,F$15) -> 1
A18: 3 | B18: =COUNTIFS('Risk Register'!$G$5:$G$100,$A18,'Risk Register'!$H$5:$H$100,B$15) -> 0 | C18: =COUNTIFS('Risk Register'!$G$5:$G$100,$A18,'Risk Register'!$H$5:$H$100,C$15) -> 0 | D18: =COUNTIFS('Risk Register'!$G$5:$G$100,$A18,'Risk Register'!$H$5:$H$100,D$15) -> 3 | E18: =COUNTIFS('Risk Register'!$G$5:$G$100,$A18,'Risk Register'!$H$5:$H$100,E$15) -> 3 | F18: =COUNTIFS('Risk Register'!$G$5:$G$100,$A18,'Risk Register'!$H$5:$H$100,F$15) -> 1
A19: 2 | B19: =COUNTIFS('Risk Register'!$G$5:$G$100,$A19,'Risk Register'!$H$5:$H$100,B$15) -> 0 | C19: =COUNTIFS('Risk Register'!$G$5:$G$100,$A19,'Risk Register'!$H$5:$H$100,C$15) -> 0 | D19: =COUNTIFS('Risk Register'!$G$5:$G$100,$A19,'Risk Register'!$H$5:$H$100,D$15) -> 0 | E19: =COUNTIFS('Risk Register'!$G$5:$G$100,$A19,'Risk Register'!$H$5:$H$100,E$15) -> 2 | F19: =COUNTIFS('Risk Register'!$G$5:$G$100,$A19,'Risk Register'!$H$5:$H$100,F$15) -> 2
A20: 1 | B20: =COUNTIFS('Risk Register'!$G$5:$G$100,$A20,'Risk Register'!$H$5:$H$100,B$15) -> 0 | C20: =COUNTIFS('Risk Register'!$G$5:$G$100,$A20,'Risk Register'!$H$5:$H$100,C$15) -> 0 | D20: =COUNTIFS('Risk Register'!$G$5:$G$100,$A20,'Risk Register'!$H$5:$H$100,D$15) -> 0 | E20: =COUNTIFS('Risk Register'!$G$5:$G$100,$A20,'Risk Register'!$H$5:$H$100,E$15) -> 0 | F20: =COUNTIFS('Risk Register'!$G$5:$G$100,$A20,'Risk Register'!$H$5:$H$100,F$15) -> 0
A22: Cell colours show the default rating bands (Low 1-4, Medium 5-9, High 10-14, Critical 15-25).

Sheet Scoring Method
A1: Scoring Method
A2: Score = Likelihood x Impact (1 to 25). Assumed scales for this portfolio exercise.
A4: Level | B4: Likelihood | C4: Meaning (likelihood) | D4: Impact | E4: Meaning (impact)
A5: 1 | B5: Rare | C5: Less than once in 10 years | D5: Negligible | E5: No noticeable effect on teaching, research or administration
A6: 2 | B6: Unlikely | C6: Once in 5 to 10 years | D6: Minor | E6: Short disruption of one service; no personal data affected
A7: 3 | B7: Possible | C7: Once in 2 to 5 years | D7: Moderate | E7: Disruption of several services for up to a day, or limited personal data breach
A8: 4 | B8: Likely | C8: About once a year | D8: Major | E8: Core services down for days, reportable GDPR breach, or loss of research results
A9: 5 | B9: Almost certain | C9: Several times a year | D9: Severe | E9: University-wide outage for weeks, large data breach, or serious reputational and legal damage
A11: Rating bands (edit the yellow thresholds)
A12: Rating | B12: Minimum score | C12: Required response
A13: Low | B13: 1 | C13: Accept; review yearly
A14: Medium | B14: 5 | C14: Treat when cost-effective; review every 6 months
A15: High | B15: 10 | C15: Treatment plan required; owner reports quarterly
A16: Critical | B16: 15 | C16: Immediate treatment; report to university management
A18: Risk appetite: residual score must be below the High threshold (B15). Risks at or above it need a treatment plan or a documented acceptance by the risk owner.

Sheet Lists
A1: Score | B1: Treatment | C1: Status
A2: 1 | B2: Mitigate | C2: Open
A3: 2 | B3: Transfer | C3: Planned
A4: 3 | B4: Avoid | C4: In progress
A5: 4 | B5: Accept | C5: Closed
A6: 5 | C6: Accepted

Sheet Sources
A1: Sources
A2: Checked 8 October 2026. Everything not listed here (risks, scores, owners, existing controls, dates) is invented for the exercise.
A4: Type | B4: Source | C4: Link | D4: What it supports | E4: Used in | F4: Access
A5: Organisation | B5: Saarland University: My new working environment (Saarbrücken and Homburg campuses) | C5: https://uni-saarland.de/en/page/newly-appointed-professors/your-professorship/working-environment.html | D5: Campuses in Saarbrücken and Homburg; Faculty of Medicine at the Medical Center in Homburg; University IT Centre (HIZ) with HR and Finance at the Meerwiesertalweg site; IT Service Desk in the Campus Center | E5: Read Me; R03, R07, R09 | F5: Free web page
A6: Organisation | B6: Saarland University: Welche weiteren Anlaufstellen gibt es an der UdS? | C6: https://www.uni-saarland.de/page/neuberufen/persoenliches/anlaufstellen.html | D6: HIZ is the shared IT service provider of htw saar and Saarland University | E6: Read Me; owner role 'Head of University IT Centre (HIZ)' | F6: Free web page
A7: Organisation | B7: Hochschul-IT-Zentrum Saar (HIZ) website | C7: https://www.hiz-saarland.de/start/ | D7: Official site of the IT centre (listed for reference; its content was not used) | E7: Owner role | F7: Free web page
A8: Organisation | B8: Saarland University: The Homburg campus | C8: https://uni-saarland.de/en/studies/saarland/the-homburg-campus.html | D8: Medical campus in Homburg | E8: R03 | F8: Free web page
A9: Organisation | B9: Student council computer science: Internet @ Uni | C9: https://cs.fs.uni-saarland.de/en/special/internet/ | D9: University offers eduroam WiFi and a VPN for remote access | E9: R02, R13 | F9: Free web page
A10: Organisation | B10: Wikipedia: Saarland University | C10: https://en.wikipedia.org/wiki/Saarland_University | D10: Background only: founded 1948, six faculties, about 16,300 students | E10: Background, not in the register | F10: Free web page
A11: Organisation | B11: DFN: The national research and education network | C11: https://dfn.de/en/network | D11: German research network (X-WiN). A Saarland University uplink via DFN is assumed, not confirmed by a university page | E11: R05 (assumption) | F11: Free web page
A12: Standard | B12: ISO/IEC 27001:2022 Information security management systems: Requirements (with Amd 1:2024) | C12: https://www.iso.org/standard/27001 | D12: Annex A with 93 controls; control numbers and names in column L | E12: Column L; Statement of Applicability later | F12: Paid standard (about CHF 155), no copy included
A13: Standard | B13: ISO/IEC 27002:2022 Information security controls | C13: https://www.iso.org/standard/75652.html | D13: Guidance for each Annex A control | E13: Column L | F13: Paid standard, no copy included
A14: Method | B14: BSI-Standards overview (incl. BSI-Standard 200-3 risk management) | C14: https://www.bsi.bund.de/DE/Themen/Unternehmen-und-Organisationen/Standards-und-Zertifizierung/IT-Grundschutz/BSI-Standards/bsi-standards_node.html | D14: German government method for risk analysis, used as background. The 5x5 scales here are this exercise's own, not BSI's | E14: Scoring Method | F14: Free download from BSI
A15: Method | B15: BSI-Standard 200-3 English PDF | C15: https://www.bsi.bund.de/SharedDocs/Downloads/EN/BSI/Grundschutz/International/bsi-standard-2003_en_pdf.html | D15: Same, English version | E15: Scoring Method | F15: Free download from BSI
... A18: Threat context | B18: The Record: Vice Society claims ransomware attack on HAW Hamburg (6 Mar 2023) | C18: https://therecord.media/germany-ransomware-haw-hamburg-vice-society | D18: Ransomware at HAW Hamburg (Dec 2022) and University of Duisburg-Essen (Nov 2022) | E18: R01 | F18: Free web page
