Workbook

Sheet Read Me
A1: Statement of Applicability: Saarland University
A2: PORTFOLIO EXERCISE. Not an official document of Saarland University.
A4: Purpose
A5: Statement of Applicability (SoA) as required by ISO/IEC 27001:2022 clause 6.1.3 d). It lists all 93 controls of Annex A, says whether each is applicable, why it is included or excluded, and how far it is implemented.
A6: Control titles are short paraphrases, not the wording of the standard. The full text is in ISO/IEC 27001:2022 and the guidance in ISO/IEC 27002:2022 (paid, not included).
A7: All statuses, owners, justifications and documents are invented for illustration and do not describe the university's real security posture.
A9: Scope (assumed)
A10: Information and IT services of the central university administration and of the University IT Centre (HIZ) at the Saarbrücken and Homburg campuses, including services offered to faculties and institutes. Systems run by institutes themselves are in scope where they connect to the campus network.
A12: Sheets
A13: SoA: one row per Annex A control with applicability, reasons for inclusion, justification, implementation status, owner, evidence and the risks it treats.
A14: Related risks are read from the risk register (column L of its Risk Register sheet) when the workbook is built: 39 controls treat at least one of its risks.
A15: Summary: counts by theme and status, calculated with formulas.
... A28: Version 0.1, prepared 08 October 2026.

Sheet SoA
A1: Statement of Applicability: ISO/IEC 27001:2022 Annex A
A2: Portfolio exercise for Saarland University. Paraphrased control titles; all statuses and details are invented. Not an official university document.
A4: Control | B4: Control (paraphrased title) | C4: Theme | D4: Applicable | E4: R: Risk treatment | F4: L: Legal / regulatory | G4: C: Contractual | H4: B: Baseline | I4: Justification for inclusion or exclusion | J4: Implementation status | K4: Control owner (role) | L4: Evidence / reference document | M4: Related risks (from register) | N4: Number of related risks
A5: A.5.1 | B5: Security policy set and reviewed | C5: Organisational | D5: Yes | F5: X | H5: X | I5: Top-level policy is the basis of the ISMS; required to show management direction. | J5: Implemented | K5: University Executive Board | L5: Information Security Policy | N5: =IF(M5="",0,LEN(M5)-LEN(SUBSTITUTE(M5,",",""))+1)
A6: A.5.2 | B6: Security roles and duties | C6: Organisational | D6: Yes | E6: X | H6: X | I6: Responsibilities are split between HIZ, faculties and institutes; roles must be written down. | J6: Partially implemented | K6: University Executive Board | L6: ISMS Roles Charter | M6: R17 | N6: =IF(M6="",0,LEN(M6)-LEN(SUBSTITUTE(M6,",",""))+1)
A7: A.5.3 | B7: Separating conflicting duties | C7: Organisational | D7: Yes | H7: X | I7: Small admin teams often request and approve their own changes. | J7: Partially implemented | K7: Head of University IT Centre (HIZ) | L7: Access Control Guideline | N7: =IF(M7="",0,LEN(M7)-LEN(SUBSTITUTE(M7,",",""))+1)
A8: A.5.4 | B8: Management duties for security | C8: Organisational | D8: Yes | H8: X | I8: Deans and heads of department must enforce the policy in their units. | J8: Implemented | K8: University Executive Board | L8: Information Security Policy | N8: =IF(M8="",0,LEN(M8)-LEN(SUBSTITUTE(M8,",",""))+1)
A9: A.5.5 | B9: Contact with public authorities | C9: Organisational | D9: Yes | F9: X | I9: Breach reports to the data protection supervisor and contact with police and BSI after attacks. | J9: Implemented | K9: Chief Information Security Officer (CISO) | L9: Incident Response Plan | N9: =IF(M9="",0,LEN(M9)-LEN(SUBSTITUTE(M9,",",""))+1)
A10: A.5.6 | B10: Contact with specialist groups | C10: Organisational | D10: Yes | H10: X | I10: Exchange with the university CERT community and research network security teams. | J10: Implemented | K10: Chief Information Security Officer (CISO) | L10: ISMS Roles Charter | N10: =IF(M10="",0,LEN(M10)-LEN(SUBSTITUTE(M10,",",""))+1)
A11: A.5.7 | B11: Threat intelligence gathering | C11: Organisational | D11: Yes | E11: X | I11: Universities are targets for ransomware and research espionage; warnings are not collected systematically. | J11: Not implemented | K11: Chief Information Security Officer (CISO) | L11: Planned: Threat Intelligence Procedure | M11: R11 | N11: =IF(M11="",0,LEN(M11)-LEN(SUBSTITUTE(M11,",",""))+1)
A12: A.5.8 | B12: Security in project management | C12: Organisational | D12: Yes | H12: X | I12: IT and research projects start without a security check today. | J12: Partially implemented | K12: Chief Information Security Officer (CISO) | L12: Project Management Guideline | N12: =IF(M12="",0,LEN(M12)-LEN(SUBSTITUTE(M12,",",""))+1)
A13: A.5.9 | B13: Asset inventory | C13: Organisational | D13: Yes | E13: X | I13: Central systems are listed; institute servers are not. | J13: Partially implemented | K13: Head of University IT Centre (HIZ) | L13: Configuration Management Database | M13: R06 | N13: =IF(M13="",0,LEN(M13)-LEN(SUBSTITUTE(M13,",",""))+1)
A14: A.5.10 | B14: Rules for acceptable use of assets | C14: Organisational | D14: Yes | E14: X | H14: X | I14: IT usage regulations exist but do not cover public AI tools. | J14: Partially implemented | K14: Chief Information Security Officer (CISO) | L14: IT Usage Regulations | M14: R18 | N14: =IF(M14="",0,LEN(M14)-LEN(SUBSTITUTE(M14,",",""))+1)
A15: A.5.11 | B15: Returning assets on leaving | C15: Organisational | D15: Yes | H15: X | I15: Keys and laptops are returned on request only; guest researchers are often missed. | J15: Partially implemented | K15: Director of Human Resources | L15: HR Security Procedure | N15: =IF(M15="",0,LEN(M15)-LEN(SUBSTITUTE(M15,",",""))+1)
A16: A.5.12 | B16: Information classification | C16: Organisational | D16: Yes | E16: X | F16: X | I16: Research, health and exam data need different protection; no scheme exists yet. | J16: Planned | K16: Vice President for Research | L16: Planned: Classification Guideline | M16: R03, R11 | N16: =IF(M16="",0,LEN(M16)-LEN(SUBSTITUTE(M16,",",""))+1)
A17: A.5.13 | B17: Labelling information | C17: Organisational | D17: Yes | H17: X | I17: Follows the classification scheme so staff can see how to handle a document. | J17: Planned | K17: Vice President for Research | L17: Planned: Classification Guideline | N17: =IF(M17="",0,LEN(M17)-LEN(SUBSTITUTE(M17,",",""))+1)
A18: A.5.14 | B18: Transferring information | C18: Organisational | D18: Yes | E18: X | F18: X | I18: Personal data is shared by email, cloud links and with external partners. | J18: Partially implemented | K18: Data Protection Officer | L18: Data Transfer Guideline | M18: R10, R18 | N18: =IF(M18="",0,LEN(M18)-LEN(SUBSTITUTE(M18,",",""))+1)
A19: A.5.15 | B19: Access control rules | C19: Organisational | D19: Yes | E19: X | F19: X | I19: Need-to-know rules exist for central systems, not for shared drives. | J19: Partially implemented | K19: Head of University IT Centre (HIZ) | L19: Access Control Guideline | M19: R10 | N19: =IF(M19="",0,LEN(M19)-LEN(SUBSTITUTE(M19,",",""))+1)
A20: A.5.16 | B20: Managing identities | C20: Organisational | D20: Yes | E20: X | I20: One identity per person across staff, students and guests is the base of all access. | J20: Partially implemented | K20: Head of University IT Centre (HIZ) | L20: Identity Management Concept | M20: R09 | N20: =IF(M20="",0,LEN(M20)-LEN(SUBSTITUTE(M20,",",""))+1)
A21: A.5.17 | B21: Handling authentication secrets | C21: Organisational | D21: Yes | E21: X | H21: X | I21: Password rules and secure reset via the service desk are in place. | J21: Implemented | K21: Head of University IT Centre (HIZ) | L21: Password Guideline | M21: R02 | N21: =IF(M21="",0,LEN(M21)-LEN(SUBSTITUTE(M21,",",""))+1)
A22: A.5.18 | B22: Granting and reviewing access rights | C22: Organisational | D22: Yes | E22: X | I22: Rights are granted on request but rarely reviewed or removed. | J22: Partially implemented | K22: Head of University IT Centre (HIZ) | L22: Access Control Guideline | M22: R08, R09 | N22: =IF(M22="",0,LEN(M22)-LEN(SUBSTITUTE(M22,",",""))+1)
A23: A.5.19 | B23: Security with suppliers | C23: Organisational | D23: Yes | E23: X | G23: X | I23: Core services (network, cloud, campus management) depend on external suppliers. | J23: Planned | K23: Head of Procurement | L23: Planned: Supplier Security Guideline | M23: R05 | N23: =IF(M23="",0,LEN(M23)-LEN(SUBSTITUTE(M23,",",""))+1)
A24: A.5.20 | B24: Security terms in supplier contracts | C24: Organisational | D24: Yes | F24: X | G24: X | I24: Data processing agreements are signed; security clauses are not standard yet. | J24: Partially implemented | K24: Head of Procurement | L24: Contract templates | N24: =IF(M24="",0,LEN(M24)-LEN(SUBSTITUTE(M24,",",""))+1)
A25: A.5.21 | B25: ICT supply chain security | C25: Organisational | D25: Yes | E25: X | I25: Single network uplink and cloud services create supply chain exposure. | J25: Not implemented | K25: Head of University IT Centre (HIZ) | L25: Planned: Supplier Security Guideline | M25: R05 | N25: =IF(M25="",0,LEN(M25)-LEN(SUBSTITUTE(M25,",",""))+1)
A26: A.5.22 | B26: Monitoring supplier services and changes | C26: Organisational | D26: Yes | G26: X | I26: Supplier performance and security changes are not reviewed. | J26: Not implemented | K26: Head of Procurement | L26: Planned: Supplier Security Guideline | N26: =IF(M26="",0,LEN(M26)-LEN(SUBSTITUTE(M26,",",""))+1)
A27: A.5.23 | B27: Security for cloud services | C27: Organisational | D27: Yes | F27: X | I27: Collaboration and teaching tools run in the cloud; selection rules exist, exit plans do not. | J27: Partially implemented | K27: Head of University IT Centre (HIZ) | L27: Cloud Usage Guideline | N27: =IF(M27="",0,LEN(M27)-LEN(SUBSTITUTE(M27,",",""))+1)
A28: A.5.24 | B28: Planning for incident management | C28: Organisational | D28: Yes | E28: X | F28: X | I28: A response process exists on paper but has not been exercised. | J28: Partially implemented | K28: Chief Information Security Officer (CISO) | L28: Incident Response Plan | M28: R15 | N28: =IF(M28="",0,LEN(M28)-LEN(SUBSTITUTE(M28,",",""))+1)
A29: A.5.25 | B29: Assessing security events | C29: Organisational | D29: Yes | H29: X | I29: Service desk forwards suspicious events; triage criteria are informal. | J29: Partially implemented | K29: Chief Information Security Officer (CISO) | L29: Incident Response Plan | N29: =IF(M29="",0,LEN(M29)-LEN(SUBSTITUTE(M29,",",""))+1)
A30: A.5.26 | B30: Responding to incidents | C30: Organisational | D30: Yes | E30: X | F30: X | I30: Needed to contain attacks and meet the 72-hour GDPR breach reporting deadline. | J30: Partially implemented | K30: Chief Information Security Officer (CISO) | L30: Incident Response Plan | M30: R15 | N30: =IF(M30="",0,LEN(M30)-LEN(SUBSTITUTE(M30,",",""))+1)
A31: A.5.27 | B31: Learning from incidents | C31: Organisational | D31: Yes | H31: X | I31: No lessons-learned review after incidents so far. | J31: Not implemented | K31: Chief Information Security Officer (CISO) | L31: Incident Response Plan | N31: =IF(M31="",0,LEN(M31)-LEN(SUBSTITUTE(M31,",",""))+1)
A32: A.5.28 | B32: Collecting evidence | C32: Organisational | D32: Yes | F32: X | I32: Evidence may be needed for police, disciplinary or court cases. | J32: Not implemented | K32: Chief Information Security Officer (CISO) | L32: Planned: Forensics Procedure | N32: =IF(M32="",0,LEN(M32)-LEN(SUBSTITUTE(M32,",",""))+1)
A33: A.5.29 | B33: Security during disruption | C33: Organisational | D33: Yes | E33: X | I33: Security must be kept up while systems are restored after a major attack. | J33: Planned | K33: Chief Information Security Officer (CISO) | L33: Business Continuity Plan | M33: R01 | N33: =IF(M33="",0,LEN(M33)-LEN(SUBSTITUTE(M33,",",""))+1)
A34: A.5.30 | B34: ICT readiness for continuity | C34: Organisational | D34: Yes | E34: X | I34: Enrolment, exams and payroll depend on IT being restored in time. | J34: Planned | K34: Head of University IT Centre (HIZ) | L34: Business Continuity Plan | M34: R05, R07 | N34: =IF(M34="",0,LEN(M34)-LEN(SUBSTITUTE(M34,",",""))+1)
A35: A.5.31 | B35: Legal, regulatory and contract requirements | C35: Organisational | D35: Yes | F35: X | G35: X | I35: Data protection law, research funder terms and export rules apply. | J35: Partially implemented | K35: Head of Legal Affairs | L35: Register of legal requirements | N35: =IF(M35="",0,LEN(M35)-LEN(SUBSTITUTE(M35,",",""))+1)
A36: A.5.32 | B36: Intellectual property rights | C36: Organisational | D36: Yes | F36: X | G36: X | I36: Software licences and research results must be protected. | J36: Implemented | K36: Head of Legal Affairs | L36: Licence Management Procedure | N36: =IF(M36="",0,LEN(M36)-LEN(SUBSTITUTE(M36,",",""))+1)
A37: A.5.33 | B37: Protecting records | C37: Organisational | D37: Yes | F37: X | I37: Student, exam and HR records have legal retention periods. | J37: Implemented | K37: Head of Legal Affairs | L37: Records Retention Schedule | N37: =IF(M37="",0,LEN(M37)-LEN(SUBSTITUTE(M37,",",""))+1)
A38: A.5.34 | B38: Privacy and personal data | C38: Organisational | D38: Yes | E38: X | F38: X | I38: Personal data of students, staff, applicants and study participants is processed. | J38: Partially implemented | K38: Data Protection Officer | L38: Records of Processing Activities | M38: R03, R10 | N38: =IF(M38="",0,LEN(M38)-LEN(SUBSTITUTE(M38,",",""))+1)
A39: A.5.35 | B39: Independent security review | C39: Organisational | D39: Yes | H39: X | I39: Internal audit of the ISMS is planned once core controls are in place. | J39: Planned | K39: University Executive Board | L39: Planned: Internal Audit Programme | N39: =IF(M39="",0,LEN(M39)-LEN(SUBSTITUTE(M39,",",""))+1)
A40: A.5.36 | B40: Compliance with security policies and standards | C40: Organisational | D40: Yes | H40: X | I40: Faculties and institutes are not checked against the policy. | J40: Not implemented | K40: Chief Information Security Officer (CISO) | L40: Planned: Internal Audit Programme | N40: =IF(M40="",0,LEN(M40)-LEN(SUBSTITUTE(M40,",",""))+1)
A41: A.5.37 | B41: Documented operating procedures | C41: Organisational | D41: Yes | E41: X | I41: Key systems depend on a few people's knowledge. | J41: Partially implemented | K41: Head of University IT Centre (HIZ) | L41: HIZ operations handbook | M41: R17 | N41: =IF(M41="",0,LEN(M41)-LEN(SUBSTITUTE(M41,",",""))+1)
A42: A.6.1 | B42: Background checks | C42: People | D42: Yes | F42: X | I42: Limited by German employment and data protection law; applied to administrator roles only. | J42: Partially implemented | K42: Director of Human Resources | L42: HR Security Procedure | N42: =IF(M42="",0,LEN(M42)-LEN(SUBSTITUTE(M42,",",""))+1)
A43: A.6.2 | B43: Employment terms covering security | C43: People | D43: Yes | F43: X | I43: Contracts refer to confidentiality and the IT usage regulations. | J43: Implemented | K43: Director of Human Resources | L43: Employment contract templates | N43: =IF(M43="",0,LEN(M43)-LEN(SUBSTITUTE(M43,",",""))+1)
A44: A.6.3 | B44: Security awareness and training | C44: People | D44: Yes | E44: X | I44: Phishing is the main entry point; training today is occasional emails only. | J44: Partially implemented | K44: Chief Information Security Officer (CISO) | L44: Planned: Awareness Programme | M44: R02 | N44: =IF(M44="",0,LEN(M44)-LEN(SUBSTITUTE(M44,",",""))+1)
A45: A.6.4 | B45: Disciplinary process | C45: People | D45: Yes | F45: X | I45: Public service and student regulations already provide a process. | J45: Implemented | K45: Director of Human Resources | L45: HR Security Procedure | N45: =IF(M45="",0,LEN(M45)-LEN(SUBSTITUTE(M45,",",""))+1)
A46: A.6.5 | B46: Duties after leaving or changing role | C46: People | D46: Yes | F46: X | I46: Confidentiality continues after people leave; access changes on role moves are missed. | J46: Partially implemented | K46: Director of Human Resources | L46: HR Security Procedure | N46: =IF(M46="",0,LEN(M46)-LEN(SUBSTITUTE(M46,",",""))+1)
A47: A.6.6 | B47: Confidentiality agreements | C47: People | D47: Yes | F47: X | G47: X | I47: Needed for guests, contractors and industry research partners. | J47: Implemented | K47: Head of Legal Affairs | L47: NDA templates | N47: =IF(M47="",0,LEN(M47)-LEN(SUBSTITUTE(M47,",",""))+1)
A48: A.6.7 | B48: Remote working | C48: People | D48: Yes | H48: X | I48: Staff work from home and travel to conferences; VPN is available. | J48: Partially implemented | K48: Chief Information Security Officer (CISO) | L48: Remote Working Guideline | N48: =IF(M48="",0,LEN(M48)-LEN(SUBSTITUTE(M48,",",""))+1)
A49: A.6.8 | B49: Reporting security events | C49: People | D49: Yes | F49: X | I49: Everyone can report via the IT service desk; needed for breach deadlines. | J49: Implemented | K49: Chief Information Security Officer (CISO) | L49: Incident Response Plan | N49: =IF(M49="",0,LEN(M49)-LEN(SUBSTITUTE(M49,",",""))+1)
A50: A.7.1 | B50: Physical security perimeters | C50: Physical | D50: Yes | H50: X | I50: Open campus by design; perimeters are set for the data centre and server rooms only. | J50: Partially implemented | K50: Head of Facilities Management | L50: Physical Security Guideline | N50: =IF(M50="",0,LEN(M50)-LEN(SUBSTITUTE(M50,",",""))+1)
A51: A.7.2 | B51: Physical entry controls | C51: Physical | D51: Yes | H51: X | I51: Data centre and server rooms use badge access. | J51: Implemented | K51: Head of Facilities Management | L51: Physical Security Guideline | N51: =IF(M51="",0,LEN(M51)-LEN(SUBSTITUTE(M51,",",""))+1)
A52: A.7.3 | B52: Securing offices and facilities | C52: Physical | D52: Yes | H52: X | I52: Offices handling exams and HR files need locks and closed windows. | J52: Partially implemented | K52: Head of Facilities Management | L52: Physical Security Guideline | N52: =IF(M52="",0,LEN(M52)-LEN(SUBSTITUTE(M52,",",""))+1)
A53: A.7.4 | B53: Physical security monitoring | C53: Physical | D53: Yes | H53: X | I53: Alarm system covers the data centre; institute server rooms are not monitored. | J53: Partially implemented | K53: Head of Facilities Management | L53: Physical Security Guideline | N53: =IF(M53="",0,LEN(M53)-LEN(SUBSTITUTE(M53,",",""))+1)
A54: A.7.5 | B54: Protection from physical and environmental threats | C54: Physical | D54: Yes | E54: X | I54: Fire, water and heat could destroy central IT. | J54: Partially implemented | K54: Head of Facilities Management | L54: Data Centre Operations Manual | M54: R12 | N54: =IF(M54="",0,LEN(M54)-LEN(SUBSTITUTE(M54,",",""))+1)
A55: A.7.6 | B55: Working in secure areas | C55: Physical | D55: Yes | H55: X | I55: Visitors and contractors in the data centre are escorted. | J55: Implemented | K55: Head of Facilities Management | L55: Data Centre Operations Manual | N55: =IF(M55="",0,LEN(M55)-LEN(SUBSTITUTE(M55,",",""))+1)
A56: A.7.7 | B56: Clear desk and clear screen | C56: Physical | D56: Yes | H56: X | I56: Shared offices and public areas expose documents and screens. | J56: Partially implemented | K56: Chief Information Security Officer (CISO) | L56: IT Usage Regulations | N56: =IF(M56="",0,LEN(M56)-LEN(SUBSTITUTE(M56,",",""))+1)
A57: A.7.8 | B57: Siting and protecting equipment | C57: Physical | D57: Yes | H57: X | I57: Servers and network devices sit in locked rooms and racks. | J57: Implemented | K57: Head of Facilities Management | L57: Data Centre Operations Manual | N57: =IF(M57="",0,LEN(M57)-LEN(SUBSTITUTE(M57,",",""))+1)
A58: A.7.9 | B58: Assets used off-site | C58: Physical | D58: Yes | E58: X | I58: Laptops are taken home and to conferences. | J58: Partially implemented | K58: Chief Information Security Officer (CISO) | L58: Remote Working Guideline | M58: R04 | N58: =IF(M58="",0,LEN(M58)-LEN(SUBSTITUTE(M58,",",""))+1)
A59: A.7.10 | B59: Storage media | C59: Physical | D59: Yes | F59: X | I59: USB drives and external disks carry research and personal data. | J59: Partially implemented | K59: Head of University IT Centre (HIZ) | L59: Cryptography Guideline | N59: =IF(M59="",0,LEN(M59)-LEN(SUBSTITUTE(M59,",",""))+1)
A60: A.7.11 | B60: Supporting utilities | C60: Physical | D60: Yes | E60: X | I60: Data centre has UPS and generator; cooling is redundant. | J60: Implemented | K60: Head of Facilities Management | L60: Data Centre Operations Manual | M60: R12 | N60: =IF(M60="",0,LEN(M60)-LEN(SUBSTITUTE(M60,",",""))+1)
A61: A.7.12 | B61: Cabling security | C61: Physical | D61: Yes | H61: X | I61: Campus fibre and data centre cabling run in protected ducts. | J61: Implemented | K61: Head of Facilities Management | L61: Network Security Concept | N61: =IF(M61="",0,LEN(M61)-LEN(SUBSTITUTE(M61,",",""))+1)
A62: A.7.13 | B62: Equipment maintenance | C62: Physical | D62: Yes | H62: X | I62: Maintenance contracts for UPS, cooling and core hardware. | J62: Implemented | K62: Head of Facilities Management | L62: Data Centre Operations Manual | N62: =IF(M62="",0,LEN(M62)-LEN(SUBSTITUTE(M62,",",""))+1)
A63: A.7.14 | B63: Secure disposal or reuse of equipment | C63: Physical | D63: Yes | F63: X | I63: Old disks may hold personal data; wiping is done centrally but not by institutes. | J63: Partially implemented | K63: Head of University IT Centre (HIZ) | L63: Disposal Procedure | N63: =IF(M63="",0,LEN(M63)-LEN(SUBSTITUTE(M63,",",""))+1)
A64: A.8.1 | B64: User endpoint devices | C64: Technological | D64: Yes | E64: X | I64: Many laptops are not centrally managed or encrypted. | J64: Partially implemented | K64: Chief Information Security Officer (CISO) | L64: Endpoint Security Guideline | M64: R04 | N64: =IF(M64="",0,LEN(M64)-LEN(SUBSTITUTE(M64,",",""))+1)
A65: A.8.2 | B65: Privileged access | C65: Technological | D65: Yes | E65: X | I65: Admin accounts have broad standing rights. | J65: Partially implemented | K65: Head of University IT Centre (HIZ) | L65: Access Control Guideline | M65: R08 | N65: =IF(M65="",0,LEN(M65)-LEN(SUBSTITUTE(M65,",",""))+1)
A66: A.8.3 | B66: Restricting access to information | C66: Technological | D66: Yes | F66: X | I66: Shared drives and cloud folders are often open to large groups. | J66: Partially implemented | K66: Head of University IT Centre (HIZ) | L66: Access Control Guideline | N66: =IF(M66="",0,LEN(M66)-LEN(SUBSTITUTE(M66,",",""))+1)
A67: A.8.4 | B67: Access to source code | C67: Technological | D67: Yes | H67: X | I67: In-house applications are kept in a central Git service; rights are not reviewed. | J67: Partially implemented | K67: Head of University IT Centre (HIZ) | L67: Secure Development Guideline | N67: =IF(M67="",0,LEN(M67)-LEN(SUBSTITUTE(M67,",",""))+1)
A68: A.8.5 | B68: Secure authentication | C68: Technological | D68: Yes | E68: X | I68: Single sign-on protects many services; MFA is being rolled out. | J68: Partially implemented | K68: Head of University IT Centre (HIZ) | L68: Identity Management Concept | M68: R02 | N68: =IF(M68="",0,LEN(M68)-LEN(SUBSTITUTE(M68,",",""))+1)
A69: A.8.6 | B69: Capacity management | C69: Technological | D69: Yes | E69: X | I69: Peak loads at enrolment and exam registration and from attacks. | J69: Partially implemented | K69: Head of University IT Centre (HIZ) | L69: Capacity planning notes | M69: R07, R13 | N69: =IF(M69="",0,LEN(M69)-LEN(SUBSTITUTE(M69,",",""))+1)
A70: A.8.7 | B70: Malware protection | C70: Technological | D70: Yes | E70: X | I70: Antivirus on endpoints; servers lack detection and response tooling. | J70: Partially implemented | K70: Head of University IT Centre (HIZ) | L70: Endpoint Security Guideline | M70: R01 | N70: =IF(M70="",0,LEN(M70)-LEN(SUBSTITUTE(M70,",",""))+1)
A71: A.8.8 | B71: Technical vulnerability management | C71: Technological | D71: Yes | E71: X | I71: Public IP ranges are scanned yearly; institute systems are patched irregularly. | J71: Partially implemented | K71: Chief Information Security Officer (CISO) | L71: Patch and Vulnerability Procedure | M71: R06 | N71: =IF(M71="",0,LEN(M71)-LEN(SUBSTITUTE(M71,",",""))+1)
A72: A.8.9 | B72: Configuration management | C72: Technological | D72: Yes | H72: X | I72: Central servers follow baselines; institute systems do not. | J72: Partially implemented | K72: Head of University IT Centre (HIZ) | L72: Configuration Management Database | N72: =IF(M72="",0,LEN(M72)-LEN(SUBSTITUTE(M72,",",""))+1)
A73: A.8.10 | B73: Deleting information | C73: Technological | D73: Yes | F73: X | I73: Personal data must be deleted when no longer needed. | J73: Partially implemented | K73: Data Protection Officer | L73: Records Retention Schedule | N73: =IF(M73="",0,LEN(M73)-LEN(SUBSTITUTE(M73,",",""))+1)
A74: A.8.11 | B74: Data masking | C74: Technological | D74: Yes | E74: X | F74: X | I74: Research data with health information needs pseudonymisation. | J74: Planned | K74: Vice President for Research | L74: Planned: Pseudonymisation Guideline | M74: R03 | N74: =IF(M74="",0,LEN(M74)-LEN(SUBSTITUTE(M74,",",""))+1)
A75: A.8.12 | B75: Data leakage prevention | C75: Technological | D75: Yes | F75: X | I75: Personal and research data can leave by email, cloud and AI tools. | J75: Not implemented | K75: Chief Information Security Officer (CISO) | L75: Planned: DLP rules for email | N75: =IF(M75="",0,LEN(M75)-LEN(SUBSTITUTE(M75,",",""))+1)
A76: A.8.13 | B76: Backup | C76: Technological | D76: Yes | E76: X | I76: Nightly backups exist; no offline copy and restores are not tested. | J76: Partially implemented | K76: Head of University IT Centre (HIZ) | L76: Backup Concept | M76: R01, R12 | N76: =IF(M76="",0,LEN(M76)-LEN(SUBSTITUTE(M76,",",""))+1)
A77: A.8.14 | B77: Redundancy | C77: Technological | D77: Yes | E77: X | I77: Campus management and core services need to survive a single failure. | J77: Partially implemented | K77: Head of University IT Centre (HIZ) | L77: Business Continuity Plan | M77: R07 | N77: =IF(M77="",0,LEN(M77)-LEN(SUBSTITUTE(M77,",",""))+1)
A78: A.8.15 | B78: Logging | C78: Technological | D78: Yes | E78: X | F78: X | I78: Logs are kept per system, not centrally; admin actions are not logged everywhere. | J78: Partially implemented | K78: Head of University IT Centre (HIZ) | L78: Logging and Monitoring Concept | M78: R08 | N78: =IF(M78="",0,LEN(M78)-LEN(SUBSTITUTE(M78,",",""))+1)
A79: A.8.16 | B79: Monitoring activities | C79: Technological | D79: Yes | E79: X | I79: Attacks are found late; no central security monitoring. | J79: Partially implemented | K79: Chief Information Security Officer (CISO) | L79: Logging and Monitoring Concept | M79: R11, R15 | N79: =IF(M79="",0,LEN(M79)-LEN(SUBSTITUTE(M79,",",""))+1)
A80: A.8.17 | B80: Clock synchronisation | C80: Technological | D80: Yes | H80: X | I80: Central time servers keep log timestamps consistent. | J80: Implemented | K80: Head of University IT Centre (HIZ) | L80: Network Security Concept | N80: =IF(M80="",0,LEN(M80)-LEN(SUBSTITUTE(M80,",",""))+1)
A81: A.8.18 | B81: Use of privileged utility programs | C81: Technological | D81: Yes | H81: X | I81: Admin tools are restricted on central systems only. | J81: Partially implemented | K81: Head of University IT Centre (HIZ) | L81: Access Control Guideline | N81: =IF(M81="",0,LEN(M81)-LEN(SUBSTITUTE(M81,",",""))+1)
A82: A.8.19 | B82: Installing software on operational systems | C82: Technological | D82: Yes | H82: X | I82: Central systems use change control; institutes install freely. | J82: Partially implemented | K82: Head of University IT Centre (HIZ) | L82: Change Management Procedure | N82: =IF(M82="",0,LEN(M82)-LEN(SUBSTITUTE(M82,",",""))+1)
A83: A.8.20 | B83: Network security | C83: Technological | D83: Yes | E83: X | I83: Edge firewall and upstream DDoS filtering; remaining DoS risk is accepted. | J83: Implemented | K83: Head of University IT Centre (HIZ) | L83: Network Security Concept | M83: R13, R16 | N83: =IF(M83="",0,LEN(M83)-LEN(SUBSTITUTE(M83,",",""))+1)
A84: A.8.21 | B84: Security of network services | C84: Technological | D84: Yes | G84: X | I84: Uplink, eduroam and VPN have defined service and security terms. | J84: Implemented | K84: Head of University IT Centre (HIZ) | L84: Network Security Concept | N84: =IF(M84="",0,LEN(M84)-LEN(SUBSTITUTE(M84,",",""))+1)
A85: A.8.22 | B85: Network segregation | C85: Technological | D85: Yes | E85: X | I85: Lab equipment and building systems share the campus network. | J85: Partially implemented | K85: Head of University IT Centre (HIZ) | L85: Network Security Concept | M85: R16 | N85: =IF(M85="",0,LEN(M85)-LEN(SUBSTITUTE(M85,",",""))+1)
A86: A.8.23 | B86: Web filtering | C86: Technological | D86: Yes | H86: X | I86: Limited to blocking known malicious sites; no content filtering, out of respect for academic freedom. | J86: Partially implemented | K86: Head of University IT Centre (HIZ) | L86: Network Security Concept | N86: =IF(M86="",0,LEN(M86)-LEN(SUBSTITUTE(M86,",",""))+1)
A87: A.8.24 | B87: Cryptography | C87: Technological | D87: Yes | E87: X | F87: X | I87: Encryption protects laptops, research data and data in transit. | J87: Partially implemented | K87: Chief Information Security Officer (CISO) | L87: Cryptography Guideline | M87: R04 | N87: =IF(M87="",0,LEN(M87)-LEN(SUBSTITUTE(M87,",",""))+1)
A88: A.8.25 | B88: Secure development life cycle | C88: Technological | D88: Yes | E88: X | I88: HIZ and institutes build their own web applications. | J88: Planned | K88: Chief Information Security Officer (CISO) | L88: Planned: Secure Development Guideline | M88: R14 | N88: =IF(M88="",0,LEN(M88)-LEN(SUBSTITUTE(M88,",",""))+1)
A89: A.8.26 | B89: Application security requirements | C89: Technological | D89: Yes | H89: X | I89: Security needs are not written into specifications or tenders. | J89: Not implemented | K89: Chief Information Security Officer (CISO) | L89: Planned: Secure Development Guideline | N89: =IF(M89="",0,LEN(M89)-LEN(SUBSTITUTE(M89,",",""))+1)
A90: A.8.27 | B90: Secure system architecture and engineering | C90: Technological | D90: Yes | H90: X | I90: Design principles are applied to central systems only. | J90: Partially implemented | K90: Head of University IT Centre (HIZ) | L90: Network Security Concept | N90: =IF(M90="",0,LEN(M90)-LEN(SUBSTITUTE(M90,",",""))+1)
A91: A.8.28 | B91: Secure coding | C91: Technological | D91: Yes | E91: X | I91: In-house code has had injection and access flaws. | J91: Planned | K91: Chief Information Security Officer (CISO) | L91: Planned: Secure Development Guideline | M91: R14 | N91: =IF(M91="",0,LEN(M91)-LEN(SUBSTITUTE(M91,",",""))+1)
A92: A.8.29 | B92: Security testing in development and acceptance | C92: Technological | D92: Yes | E92: X | I92: Applications go live without security testing. | J92: Planned | K92: Chief Information Security Officer (CISO) | L92: Planned: Secure Development Guideline | M92: R14 | N92: =IF(M92="",0,LEN(M92)-LEN(SUBSTITUTE(M92,",",""))+1)
A93: A.8.30 | B93: Outsourced development | C93: Technological | D93: No | I93: Excluded: within the ISMS scope no software development is outsourced. Bought standard software is covered by A.5.19 to A.5.22. Review if this changes. | J93: Not applicable | K93: Chief Information Security Officer (CISO) | L93: Scope statement | N93: =IF(M93="",0,LEN(M93)-LEN(SUBSTITUTE(M93,",",""))+1)
A94: A.8.31 | B94: Separating development, test and production | C94: Technological | D94: Yes | H94: X | I94: Central applications have test systems; institute applications often do not. | J94: Partially implemented | K94: Head of University IT Centre (HIZ) | L94: Change Management Procedure | N94: =IF(M94="",0,LEN(M94)-LEN(SUBSTITUTE(M94,",",""))+1)
A95: A.8.32 | B95: Change management | C95: Technological | D95: Yes | H95: X | I95: A change board covers central systems. | J95: Partially implemented | K95: Head of University IT Centre (HIZ) | L95: Change Management Procedure | N95: =IF(M95="",0,LEN(M95)-LEN(SUBSTITUTE(M95,",",""))+1)
A96: A.8.33 | B96: Test information | C96: Technological | D96: Yes | F96: X | I96: Real student data is sometimes copied into test systems. | J96: Partially implemented | K96: Head of University IT Centre (HIZ) | L96: Change Management Procedure | N96: =IF(M96="",0,LEN(M96)-LEN(SUBSTITUTE(M96,",",""))+1)
A97: A.8.34 | B97: Protecting systems during audit testing | C97: Technological | D97: Yes | H97: X | I97: Scans and penetration tests are agreed with system owners beforehand. | J97: Implemented | K97: Chief Information Security Officer (CISO) | L97: Patch and Vulnerability Procedure | N97: =IF(M97="",0,LEN(M97)-LEN(SUBSTITUTE(M97,",",""))+1)

Sheet Summary
A1: SoA Summary
A2: Calculated from the SoA sheet (rows 5 to 97). Portfolio exercise.
A4: KPI | B4: Value
A5: Annex A controls | B5: =COUNTA(SoA!$A$5:$A$97)
A6: Applicable | B6: =COUNTIF(SoA!$D$5:$D$97,"Yes")
A7: Excluded | B7: =COUNTIF(SoA!$D$5:$D$97,"No")
A8: Applicable and fully implemented | B8: =COUNTIFS(SoA!$D$5:$D$97,"Yes",SoA!$J$5:$J$97,"Implemented")
A9: Implementation rate (fully implemented / applicable) | B9: =IFERROR(B8/B6,0)
A10: Applicable controls linked to at least one risk | B10: =COUNTIFS(SoA!$D$5:$D$97,"Yes",SoA!$N$5:$N$97,">0")
A12: Applicable controls by theme and implementation status
A13: Theme | B13: Implemented | C13: Partially implemented | D13: Planned | E13: Not implemented | F13: Applicable | G13: Excluded
A14: Organisational | B14: =COUNTIFS(SoA!$C$5:$C$97,$A14,SoA!$D$5:$D$97,"Yes",SoA!$J$5:$J$97,B$13) | C14: =COUNTIFS(SoA!$C$5:$C$97,$A14,SoA!$D$5:$D$97,"Yes",SoA!$J$5:$J$97,C$13) | D14: =COUNTIFS(SoA!$C$5:$C$97,$A14,SoA!$D$5:$D$97,"Yes",SoA!$J$5:$J$97,D$13) | E14: =COUNTIFS(SoA!$C$5:$C$97,$A14,SoA!$D$5:$D$97,"Yes",SoA!$J$5:$J$97,E$13) | F14: =COUNTIFS(SoA!$C$5:$C$97,$A14,SoA!$D$5:$D$97,"Yes") | G14: =COUNTIFS(SoA!$C$5:$C$97,$A14,SoA!$D$5:$D$97,"No")
A15: People | B15: =COUNTIFS(SoA!$C$5:$C$97,$A15,SoA!$D$5:$D$97,"Yes",SoA!$J$5:$J$97,B$13) | C15: =COUNTIFS(SoA!$C$5:$C$97,$A15,SoA!$D$5:$D$97,"Yes",SoA!$J$5:$J$97,C$13) | D15: =COUNTIFS(SoA!$C$5:$C$97,$A15,SoA!$D$5:$D$97,"Yes",SoA!$J$5:$J$97,D$13) | E15: =COUNTIFS(SoA!$C$5:$C$97,$A15,SoA!$D$5:$D$97,"Yes",SoA!$J$5:$J$97,E$13) | F15: =COUNTIFS(SoA!$C$5:$C$97,$A15,SoA!$D$5:$D$97,"Yes") | G15: =COUNTIFS(SoA!$C$5:$C$97,$A15,SoA!$D$5:$D$97,"No")
A16: Physical | B16: =COUNTIFS(SoA!$C$5:$C$97,$A16,SoA!$D$5:$D$97,"Yes",SoA!$J$5:$J$97,B$13) | C16: =COUNTIFS(SoA!$C$5:$C$97,$A16,SoA!$D$5:$D$97,"Yes",SoA!$J$5:$J$97,C$13) | D16: =COUNTIFS(SoA!$C$5:$C$97,$A16,SoA!$D$5:$D$97,"Yes",SoA!$J$5:$J$97,D$13) | E16: =COUNTIFS(SoA!$C$5:$C$97,$A16,SoA!$D$5:$D$97,"Yes",SoA!$J$5:$J$97,E$13) | F16: =COUNTIFS(SoA!$C$5:$C$97,$A16,SoA!$D$5:$D$97,"Yes") | G16: =COUNTIFS(SoA!$C$5:$C$97,$A16,SoA!$D$5:$D$97,"No")
A17: Technological | B17: =COUNTIFS(SoA!$C$5:$C$97,$A17,SoA!$D$5:$D$97,"Yes",SoA!$J$5:$J$97,B$13) | C17: =COUNTIFS(SoA!$C$5:$C$97,$A17,SoA!$D$5:$D$97,"Yes",SoA!$J$5:$J$97,C$13) | D17: =COUNTIFS(SoA!$C$5:$C$97,$A17,SoA!$D$5:$D$97,"Yes",SoA!$J$5:$J$97,D$13) | E17: =COUNTIFS(SoA!$C$5:$C$97,$A17,SoA!$D$5:$D$97,"Yes",SoA!$J$5:$J$97,E$13) | F17: =COUNTIFS(SoA!$C$5:$C$97,$A17,SoA!$D$5:$D$97,"Yes") | G17: =COUNTIFS(SoA!$C$5:$C$97,$A17,SoA!$D$5:$D$97,"No")
A18: Total | B18: =SUM(B14:B17) | C18: =SUM(C14:C17) | D18: =SUM(D14:D17) | E18: =SUM(E14:E17) | F18: =SUM(F14:F17) | G18: =SUM(G14:G17)
A20: Reasons for inclusion (a control can have several)
A21: Reason | B21: Controls
A22: R: Risk treatment | B22: =COUNTIF(SoA!$E$5:$E$97,"X")
A23: L: Legal / regulatory | B23: =COUNTIF(SoA!$F$5:$F$97,"X")
A24: C: Contractual | B24: =COUNTIF(SoA!$G$5:$G$97,"X")
A25: B: Baseline good practice | B25: =COUNTIF(SoA!$H$5:$H$97,"X")

Sheet Lists
A1: Applicable | B1: Status | C1: Flag
A2: Yes | B2: Implemented | C2: X
A3: No | B3: Partially implemented
B4: Planned
B5: Not implemented
B6: Not applicable

Sheet Sources
A1: Sources
A2: Checked 8 October 2026. Everything not listed here (statuses, owners, documents, scope) is invented for the exercise.
A4: Type | B4: Source | C4: Link | D4: What it supports | E4: Used in | F4: Access
A5: Standard | B5: ISO/IEC 27001:2022 Information security management systems: Requirements (with Amd 1:2024) | C5: https://www.iso.org/standard/27001 | D5: Clause 6.1.3 d) requires a Statement of Applicability; Annex A lists the 93 controls in four themes | E5: Whole SoA; control numbers and themes | F5: Paid standard (about CHF 155), no copy included
A6: Standard | B6: ISO/IEC 27002:2022 Information security controls | C6: https://www.iso.org/standard/75652.html | D6: Purpose and guidance for each control, used to write the paraphrased titles and justifications | E6: Columns B and I | F6: Paid standard, no copy included
A7: Law | B7: EU General Data Protection Regulation (GDPR), Regulation (EU) 2016/679 | C7: https://eur-lex.europa.eu/eli/reg/2016/679/oj | D7: Art. 32 security of processing; Art. 33 breach notification within 72 hours | E7: Reason L; A.5.26, A.5.34, A.8.10, A.8.11 and others | F7: Free
A8: Law | B8: Basic Law for the Federal Republic of Germany (Grundgesetz), Art. 5(3) | C8: https://www.gesetze-im-internet.de/gg/art_5.html | D8: Freedom of science, research and teaching, the reason web filtering is limited to known malicious sites | E8: A.8.23 | F8: Free
A9: Internal | B9: Saarland University risk register (this project) | C9: ../risk-register/saarland-university-risk-register.xlsx | D9: Risks R01 to R18 and the Annex A controls that treat them | E9: Column M (related risks), reason R | F9: Included in this repository
